/*
 Navicat MySQL Data Transfer

 Source Server         : localWeb
 Source Server Type    : MySQL
 Source Server Version : 50548
 Source Host           : 192.168.2.40
 Source Database       : winwin

 Target Server Type    : MySQL
 Target Server Version : 50548
 File Encoding         : utf-8

 Date: 05/06/2017 20:11:50 PM
*/

SET NAMES utf8mb4;
SET FOREIGN_KEY_CHECKS = 0;

-- ----------------------------
--  Table structure for `def_bank_types`
-- ----------------------------
DROP TABLE IF EXISTS `def_bank_types`;
CREATE TABLE `def_bank_types` (
  `type_id` tinyint(3) unsigned NOT NULL AUTO_INCREMENT,
  `bank_name` varchar(150) NOT NULL COMMENT '银行卡名称 如 中国农业银行,微信',
  `bank_type` tinyint(1) NOT NULL DEFAULT '1',
  `bank_background_url` varchar(255) DEFAULT NULL COMMENT '银行背景图片路径',
  `updated_at` timestamp NULL DEFAULT NULL,
  `created_at` timestamp NULL DEFAULT NULL,
  PRIMARY KEY (`type_id`),
  UNIQUE KEY `type_id_UNIQUE` (`type_id`)
) ENGINE=InnoDB AUTO_INCREMENT=18 DEFAULT CHARSET=utf8 COMMENT='银行卡类型';

-- ----------------------------
--  Records of `def_bank_types`
-- ----------------------------
BEGIN;
INSERT INTO `def_bank_types` VALUES ('1', '工商银行', '1', 'app/img/bank_background/1.png', null, null), ('2', '建设银行', '1', 'app/img/bank_background/2.png', null, null), ('3', '招商银行', '1', 'app/img/bank_background/3.png', null, null), ('4', '农业银行', '1', 'app/img/bank_background/4.png', null, null), ('5', '中国银行', '1', 'app/img/bank_background/5.png', null, null), ('6', '中信银行', '1', 'app/img/bank_background/6.png', null, null), ('7', '浦发银行', '1', 'app/img/bank_background/7.png', null, null), ('8', '光大银行', '1', 'app/img/bank_background/8.png', null, null), ('9', '交通银行', '1', 'app/img/bank_background/9.png', null, null), ('10', '邮政储蓄', '1', 'app/img/bank_background/10.png', null, null), ('11', '民生银行', '1', 'app/img/bank_background/11.png', null, null), ('12', '华夏银行', '1', 'app/img/bank_background/12.png', null, null), ('13', '平安银行', '1', 'app/img/bank_background/13.png', null, null), ('14', '广发银行', '1', 'app/img/bank_background/14.png', null, null), ('15', '北京银行', '1', 'app/img/bank_background/15.png', null, null), ('16', '兴业银行', '1', 'app/img/bank_background/16.png', null, null), ('17', '江苏银行', '1', 'app/img/bank_background/17.png', null, null);
COMMIT;

-- ----------------------------
--  Table structure for `def_game_plats`
-- ----------------------------
DROP TABLE IF EXISTS `def_game_plats`;
CREATE TABLE `def_game_plats` (
  `game_plat_id` int(11) unsigned NOT NULL AUTO_INCREMENT,
  `main_game_plat_id` int(11) unsigned DEFAULT NULL COMMENT '所属主游戏平台id',
  `english_game_plat_name` varchar(50) NOT NULL,
  `game_plat_name` varchar(50) NOT NULL COMMENT '游戏平台名称',
  `status` tinyint(1) DEFAULT '1' COMMENT '状态 1 打开  0关闭',
  `created_at` timestamp NULL DEFAULT NULL,
  `updated_at` timestamp NULL DEFAULT NULL,
  PRIMARY KEY (`game_plat_id`),
  KEY `main_game_plat_id` (`main_game_plat_id`),
  CONSTRAINT `def_game_plats_ibfk_1` FOREIGN KEY (`main_game_plat_id`) REFERENCES `def_main_game_plats` (`main_game_plat_id`) ON DELETE CASCADE ON UPDATE CASCADE
) ENGINE=InnoDB AUTO_INCREMENT=10 DEFAULT CHARSET=utf8 COMMENT='游戏平台表';

-- ----------------------------
--  Records of `def_game_plats`
-- ----------------------------
BEGIN;
INSERT INTO `def_game_plats` VALUES ('1', '1', '', '皇冠体育', '1', null, null), ('2', '1', '', '皇冠真人', '1', null, null), ('3', '2', '', 'MG电子', '1', null, null), ('4', '2', '', 'MG视讯', '1', null, null), ('5', '3', '', 'AG真人', '1', null, null), ('6', '3', '', 'AG彩票', '1', null, null), ('7', '3', '', 'AG福利', '1', null, null), ('8', '4', 'Slot Machines', '老虎机', '1', null, null), ('9', '4', 'Baccarat Games', '百家乐', '1', null, null);
COMMIT;

-- ----------------------------
--  Table structure for `def_games`
-- ----------------------------
DROP TABLE IF EXISTS `def_games`;
CREATE TABLE `def_games` (
  `game_id` int(11) unsigned NOT NULL AUTO_INCREMENT,
  `game_plat_id` int(11) unsigned NOT NULL COMMENT '所属游戏平台id',
  `english_game_name` varchar(255) NOT NULL,
  `game_name` varchar(255) NOT NULL COMMENT '游戏名称',
  `game_code` varchar(45) DEFAULT NULL COMMENT '游戏代码',
  `game_lines` int(11) DEFAULT NULL COMMENT '游戏线路',
  `game_icon_path` varchar(255) DEFAULT NULL COMMENT '游戏图标路径',
  `status` tinyint(1) DEFAULT '1' COMMENT '状态 1正常  0关闭',
  `created_at` timestamp NULL DEFAULT NULL,
  `updated_at` timestamp NULL DEFAULT NULL,
  PRIMARY KEY (`game_id`),
  UNIQUE KEY `game_code` (`game_code`) USING BTREE,
  KEY `game_plat_id` (`game_plat_id`),
  CONSTRAINT `def_games_ibfk_1` FOREIGN KEY (`game_plat_id`) REFERENCES `def_game_plats` (`game_plat_id`) ON DELETE CASCADE ON UPDATE CASCADE
) ENGINE=InnoDB AUTO_INCREMENT=189 DEFAULT CHARSET=utf8 COMMENT='游戏列表';

-- ----------------------------
--  Records of `def_games`
-- ----------------------------
BEGIN;
INSERT INTO `def_games` VALUES ('10', '8', 'Zhao Cai Jin Bao', '招财进宝', 'zcjb', '9', null, '1', null, '2017-04-28 18:37:51'), ('11', '8', 'Zhao Cai Jing Bao Jackpot', '招财进宝积宝财池', 'zcjbjp', '9', null, '1', null, null), ('12', '8', 'A Night Out', '狂欢夜', 'hb', '20', 'storage/gameImages/icons/hb.png', '1', null, null), ('13', '8', 'Age of the Gods', '众神时代', 'aogs', '20', null, '1', null, null), ('14', '8', 'Age of the Gods : Fate Sisters', '众神时代：命运姐妹', 'ftsis', '25', null, '1', null, null), ('15', '8', 'Age of the Gods : Furious Four', '众神时代：狂暴4', 'furf', '20', null, '1', null, null), ('16', '8', 'Age of the Gods : Goddess of Wisdom', '众神时代：智慧女神', 'athn', '20', 'storage/gameImages/icons/athn.png', '1', null, null), ('17', '8', 'Age of the Gods : King of Olympus', '众神时代：奥林匹斯之王', 'zeus', '25', null, '1', null, null), ('18', '8', 'Age of the Gods : Prince of Olympus', '众神时代：奥林匹斯王子', 'hrcls', '25', null, '1', null, null), ('19', '8', 'Amazon Wild', '野生亚马逊', 'ashamw', '100', 'storage/gameImages/icons/ashamw.png', '1', null, null), ('20', '8', 'Archer', '弓箭手', 'arc', '243', '', '1', null, null), ('21', '8', 'Atlantis Queen', '亚特兰蒂斯女王', 'gtsatq', '25', 'storage/gameImages/icons/gtsatq.png', '1', null, null), ('22', '8', 'Bai Shi', '白狮', 'bs', '40', null, '1', null, null), ('23', '8', 'Beach Life', '海滨嘉年华', 'bl', '20', null, '1', null, null), ('24', '8', 'Bermuda Triangle', '百慕大三角', 'bt', '5', 'storage/gameImages/icons/ashamw.png', '1', null, null), ('26', '8', 'Bonus Bears', '熊之舞', 'bob', '25', null, '1', null, null), ('27', '8', 'Bounty of the Beanstalk', '魔豆赏金', 'ashbob', '50', null, '1', null, null), ('28', '8', 'Buffalo Blitz', '犎牛闪电突击', 'bfb', '4096', null, '1', null, null), ('29', '8', 'Captain America - The First Avenger', '美国队长 - 复仇者先锋', 'cam', '20', null, '0', null, null), ('30', '8', 'Captain\'s Treasure', '船长的宝藏', 'ct', '9', null, '1', null, null), ('31', '8', 'Captain\'s Treasure Pro', '船长的宝藏 加强版', 'ctp2', '20', null, '1', null, null), ('32', '8', 'Cat In Vegas', '猫王战赌城', 'ctiv', '20', null, '1', null, null), ('33', '8', 'Cat Queen', '猫后', 'catqk', '40', null, '1', null, null), ('34', '8', 'Chaoji 888', '超级 888', 'chao', '1', null, '1', null, null), ('35', '8', 'Cherry Love', '狂野樱桃', 'chl', '30', null, '1', null, null), ('36', '8', 'Chests of Plenty', '宝箱满满', 'ashcpl', '20', null, '1', null, null), ('37', '8', 'Chinese Kitchen', '中式厨房', 'cm', '8', null, '1', null, null), ('38', '8', 'Cops N\' Bandits', '警察和土匪', 'gtscnb', '30', null, '1', null, null), ('39', '8', 'Cowboys & Aliens', '牛仔和外星人', 'gtscbl', '9', null, '1', null, null), ('40', '8', 'Crazy 7', '疯狂之七', 'c7', '1', null, '1', null, null), ('41', '8', 'Daring Dave & the Eye of Ra', '无畏的戴夫', 'gtsdrdv', '20', null, '1', null, null), ('42', '8', 'Desert Treasure', '沙漠财宝', 'dt', '20', null, '1', null, null), ('43', '8', 'Desert Treasure II', '沙漠财宝二', 'dt2', '20', null, '1', null, null), ('44', '8', 'Dolphin Reef', '海豚之梦', 'dnr', '20', null, '1', null, null), ('45', '8', 'Dragon Kingdom', '龙之国度', 'gtsdgk', '20', null, '1', null, null), ('46', '8', 'Dr Love More', '情圣博士', 'dlm', '20', null, '1', null, null), ('47', '8', 'Easter Surprise', '复活节惊喜', 'eas', '20', null, '1', null, null), ('48', '8', 'Elektra', '艾丽卡', 'elr', '20', null, '0', null, null), ('49', '8', 'Esmeralda', '埃斯梅拉达', 'esmk', '25', null, '1', null, null), ('50', '8', 'Everybody\'s Jackpot', '欢乐积宝彩池', 'evj', '8', null, '1', null, null), ('51', '8', 'Fantastic Four', '神奇四俠', 'fnf', '20', null, '0', null, null), ('52', '8', 'Fantastic Four 50 Lines', '神奇四俠 50 线', 'fnf50', '50', null, '0', null, null), ('53', '8', 'Fairest of them All', '魔镜与公主', 'ashfta', '20', null, '1', null, null), ('54', '8', 'Fei Cui Gong Zhu', '翡翠公主', 'fcgz', '20', null, '1', null, null), ('55', '8', 'Fei Long Zai Tian', '飞龙在天', 'gtsflzt', '25', null, '1', null, null), ('56', '8', 'Feng Kuang Ma Jiang', '疯狂麻将', 'fkmj', '25', null, '1', null, null), ('57', '8', 'Five Tiger Generals', '五虎将', 'ftg', '15', null, '1', null, null), ('58', '8', 'Football Carnival', '足球嘉年华', 'gtsfc', '50', null, '1', null, null), ('59', '8', 'Football Rules', '终极足球', 'fbr', '25', null, '1', null, null), ('60', '8', 'Forest of Wonder', '惊异之林', 'fow', '25', null, '0', null, null), ('61', '8', 'Fortune Day', '幸运日', 'fday', '20', null, '1', null, null), ('62', '8', 'Fountain of Youth', '青春之泉', 'foy', '3', null, '1', null, null), ('63', '8', 'Fortunes of The Fox', '狐媚宝藏', 'fxf', '25', null, '1', null, null), ('64', '8', 'Fortunate 5', '五福海盗', 'frtf', '15', null, '1', null, null), ('65', '8', 'Frankie Dettori\'s Magic Seven', '德托里传奇', 'fdt', '25', null, '1', null, null), ('66', '8', 'Frankie Dettori\'s Magic Seven Jackpot', '德托里传奇积宝游戏', 'fdtjg', '25', null, '1', null, null), ('67', '8', 'Fruit Mania', '水果狂热', 'fmn', '5', null, '1', null, null), ('68', '8', 'Full Moon Fortunes', '圆月财富', 'ashfmf', '20', null, '1', null, null), ('69', '8', 'Funky Fruits', '酷炫水果', 'fnfrj', '25', null, '1', null, null), ('70', '8', 'Funky Fruits Farm', '酷炫水果农场', 'fff', '20', null, '1', null, null), ('71', '8', 'Funky Monkey', '古怪猴子', 'fm', '1', null, '1', null, null), ('72', '8', 'Geisha Story', '艺伎故事', 'ges', '15', null, '1', null, null), ('73', '8', 'Geisha Story Jackpot', '艺伎故事积宝游戏', 'gesjp', '15', null, '1', null, null), ('74', '8', 'Gem Queen', '宝石女王', 'gemq', '25', null, '1', null, null), ('75', '8', 'Ghost Rider', '恶灵骑士', 'ghr', null, null, '0', null, null), ('76', '8', 'Gladiator', '角斗士', 'glr', '25', null, '1', null, null), ('77', '8', 'Gladiator Jackpot', '角斗士积宝', 'glrj', '25', null, '1', null, null), ('78', '8', 'Gold Rally', '金色召集', 'grel', '8', null, '1', null, null), ('79', '8', 'Golden Games', '黄金体育竞技场', 'glg', '25', null, '1', null, null), ('80', '8', 'Golden Tour', '黄金之旅', 'gos', '5', null, '1', null, null), ('81', '8', 'Great Blue', '海底探宝', 'bib', '25', null, '1', null, null), ('82', '8', 'Halloween Fortune', '万圣节宝藏', 'hlf', '20', null, '1', null, null), ('83', '8', 'Halloween Fortune 2', '万圣节宝藏 2', 'hlf2', '25', null, '1', null, null), ('84', '8', 'Haunted House', '鬼宅', 'hh', '5', null, '1', null, null), ('85', '8', 'Heart of The Jungle', '丛林之心', 'ashhotj', '50', null, '1', null, null), ('86', '8', 'Highway Kings', '高速公路之王', 'hk', '9', null, '1', null, null), ('87', '8', 'Highway Kings Pro', '高速公路之王加强版', 'gtshwkp', '9', null, '1', null, null), ('88', '8', 'Hot Gems', '炙热宝石', 'gts50', '25', null, '1', null, null), ('89', '8', 'Ice run', '浮冰流', 'gtsir', '25', null, '1', null, null), ('90', '8', 'Inca Jackpot', '印加帝国头奖', 'aztec', null, null, '1', null, null), ('91', '8', 'Irish Luck', '幸运爱尔兰', 'gtsirl', '30', null, '1', null, null), ('92', '8', 'Iron Man 2', '钢铁侠 2', 'irm3', '25', null, '0', null, null), ('93', '8', 'Iron Man 2 50 Lines', '钢铁侠 2 - 50 线', 'irm50', '50', null, '0', null, null), ('94', '8', 'Iron Man 3', '钢铁侠 3', 'irmn3', '25', null, '0', null, null), ('95', '8', 'Jackpot Giant', '奖金巨人', 'jpgt', '50', null, '1', null, null), ('96', '8', 'Jade Emperor', '玉皇大帝', 'gtsje', '20', null, '1', null, null), ('97', '8', 'Ji Xiang 8', '吉祥 8', 'gtsjxb', '8', null, '1', null, null), ('98', '8', 'Jin Qian Wa', '金钱蛙', 'jqw', '40', null, '1', null, null), ('99', '8', 'John Wayne', '约翰韦恩', 'gtsjhw', '25', null, '1', null, null), ('100', '8', 'Kong The Eighth Wonder of The World', '无敌金刚', 'kkg', '20', null, '1', null, null), ('101', '8', 'Land of Gold', '遍地黄金', 'lndg', '576', null, '1', null, null), ('102', '8', 'Lie Yan Zuan Shi', '烈焰钻石', 'ght_a', '25', null, '1', null, null), ('103', '8', 'Liu Fu Shou', '六福兽', 'kfp', null, null, '1', null, null), ('104', '8', 'Long Long Long', '龙龙龙', 'longlong', '1', null, '1', null, null), ('105', '8', 'Lotto Madness', '疯狂乐透', 'lm', '20', null, '1', null, null), ('106', '8', 'Lucky Panda', '幸运熊猫', 'gts51', '1024', null, '1', null, null), ('107', '8', 'Magical Stacks', '魔力老虎机', 'mgstk', '20', null, '1', null, null), ('108', '8', 'Magic Slots', '神奇老虎机', 'ms', '1', null, '1', null, null), ('109', '8', 'Marilyn Monroe', '玛丽莲梦露', 'gtsmrln', '20', null, '1', null, null), ('110', '8', 'Miss Fortune', '幸运女士', 'mfrt', '25', null, '1', null, null), ('111', '8', 'Monty Python´s Life of Brian', '蒙提派森之万世魔星', 'ashlob', '30', null, '1', null, null), ('112', '8', 'Mr. Cashback', '返利先生', 'mcb', '15', null, '1', null, null), ('113', '8', 'Neptunes Kingdom', '海王星王国', 'nk', '5', null, '1', null, null), ('114', '8', 'Nian Nian You Yu', '年年有余', 'nian_k', '9', null, '1', null, null), ('115', '8', 'Panther Moon', '月亮下的黑豹', 'pmn', '15', null, '1', null, null), ('116', '8', 'Party Line', '派对风景线', 'pl', '1', null, '1', null, null), ('117', '8', 'Penguin Vacation', '企鹅度假', 'pgv', '20', null, '1', null, null), ('118', '8', 'Pharaoh\'s Secrets', '法老王的秘密', 'pst', '20', null, '1', null, null), ('119', '8', 'Piggies and the Wolf', '三只小猪与大灰狼', 'paw', '50', null, '1', null, null), ('120', '8', 'Pink Panther', '粉红豹', 'pnp', '40', null, '1', null, null), ('121', '8', 'Plenty O\'Fortune', '充裕财富', 'gtspor', '20', null, '1', null, null), ('122', '8', 'Purple Hot', '紫色狂热', 'photk', '5', null, '1', null, null), ('123', '8', 'Queen of Pyramids', '金字塔女王', 'qop', '9', null, '1', null, null), ('124', '8', 'Queen of Wands', '权杖女王', 'qnw', '40', null, '1', null, null), ('125', '8', 'Ri Ri Jin Cai', '日日进财', 'ririjc', '20', null, '1', null, null), ('126', '8', 'Ri Ri Sheng Cai', '日日生财', 'ririshc', '243', null, '1', null, null), ('127', '8', 'Rocky', '洛奇', 'rky', '25', null, '1', null, null), ('128', '8', 'Rome and Glory', '罗马荣光', 'gtsrng', '20', null, '1', null, null), ('129', '8', 'Safari Heat', '野生狩猎', 'sfh', '15', null, '1', null, null), ('130', '8', 'Samba Brazil', '桑巴之舞', 'gtssmbr', '25', null, '1', null, null), ('131', '8', 'Santa Surprise', '圣诞老人奇袭', 'ssp', '20', null, '1', null, null), ('132', '8', 'Secrets of the Amazon', '亚马逊之谜', 'samz', '20', null, '1', null, null), ('133', '8', 'Sherlock Mystery', '神秘夏洛克', 'shmst', '20', null, '1', null, null), ('134', '8', 'Si Xiang', '四象', 'sx', '9', null, '1', null, null), ('135', '8', 'Silent Samurai', '忍者风云', 'sis', '9', null, '1', null, null), ('136', '8', 'Silent Samurai Jackpot', '忍者风云积宝游戏', 'sisjp', '9', null, '1', null, null), ('137', '8', 'Silver Bullet', '银弹', 'sib', '9', null, '1', null, null), ('138', '8', 'Sinbad\'s Golden Voyage', '辛巴达金航记', 'ashsbd', '164', null, '1', null, null), ('139', '8', 'Spider-Man : Attack of The Green Goblin', '蜘蛛侠大战绿魔人', 'spidc', '25', null, '0', null, null), ('140', '8', 'Spud O\'Reilly\'s Crops of Gold', '欧莱里之黄金大田', 'spud', '20', null, '1', null, null), ('141', '8', 'Streak of Luck', '幸运直击', 'sol', '50', null, '1', null, null), ('142', '8', 'Sun Wukong', '孙悟空', 'gtsswk', '15', null, '1', null, null), ('143', '8', 'Sweet Party', '甜蜜派对', 'cnpr', '25', null, '1', null, null), ('144', '8', 'Thai Paradise', '泰国梦天堂', 'tpd2', '15', null, '1', null, null), ('145', '8', 'Thai Temple', '泰国佛寺', 'thtk', '15', null, '1', null, null), ('146', '8', 'The Avengers', '复仇者联盟', 'avng', '20', null, '0', null, null), ('147', '8', 'The Incredible Hulk', '绿巨人', 'hlk2', '25', null, '0', null, null), ('148', '8', 'The Jazz Club', '爵士俱乐部', 'gtsjzc', '25', null, '1', null, null), ('149', '8', 'The Great Ming Empire', '大明帝国', 'gtsgme', '5', null, '1', null, null), ('150', '8', 'The Love Boat', '恋爱之船', 'lvb', '25', null, '1', null, null), ('151', '8', 'The Mummy', '木乃伊迷城', 'mmy', '25', null, '1', null, null), ('152', '8', 'The Riches of Don Quixote', '唐吉诃德', 'donq', '25', null, '1', null, null), ('153', '8', 'The Three Musketeers and The Queen\'s Diamond™', '三个火枪手', 'tmqd', '50', null, '1', null, null), ('154', '8', 'Thor The Mighty Avenger', '雷神 - 超级复仇者', 'trm', '30', null, '0', null, null), ('155', '8', 'Top Gun', '捍卫战士', 'topg', null, null, '1', null, null), ('156', '8', 'Top Trumps Celebs', '顶级王牌名人游戏', 'ttc', '20', null, '1', null, null), ('157', '8', 'Tres Amigos', '三友行', 'ta', '1', null, '1', null, null), ('158', '8', 'Triple Monkey', '三倍猴子', 'trpmnk', '5', null, '1', null, null), ('159', '8', 'True Love', '真爱游戏', 'trl', '15', null, '1', null, null), ('160', '8', 'Ugga Bugga', '部落生活', 'ub', '10', null, '1', null, null), ('161', '8', 'Vacation Station', '开心假期', 'er', '8', null, '1', null, null), ('162', '8', 'Vacation Station Deluxe™', '开心假期豪華版', 'vcstd', '8', null, '1', null, null), ('163', '8', 'Vikingmania', '维京狂热', 'gts52', '20', null, '1', null, null), ('164', '8', 'White King', '白狮王', 'whk', '40', null, '1', null, null), ('165', '8', 'Wild Gambler', '野生动物大世界', 'gtswg', '20', null, '1', null, null), ('166', '8', 'Wild Gambler 2 : Arctic Adventure', '野生世界：北极大冒险', 'ashwgaa', '25', null, '1', null, null), ('167', '8', 'Wild Spirit', '狂野精灵', 'wis', '20', null, '1', null, null), ('168', '8', 'Wings of Gold', '纯金之翼', 'gtswng', '20', null, '1', null, null), ('169', '8', 'Wu Long', '舞龙', 'wlg', '25', null, '1', null, null), ('170', '8', 'Wu Long Jackpot', '舞龙积宝游戏', 'wlgjp', '25', null, '1', null, null), ('171', '8', 'Wu Lu Cai Shen', '五路财神', 'wlcsh', '15', null, '1', null, null), ('172', '8', 'X-Men 50 Lines', 'X战警 50 线', 'xmn50', '50', null, '0', null, null), ('175', '8', 'Adventures in Wonderland Deluxe', '梦游仙境豪华版', 'ashadv', '20', null, '1', null, null), ('176', '8', 'Fortune Lions', '幸运狮子', 'frtln', '20', null, '1', null, null), ('177', '8', 'Hot KTV', '火热KTV', 'hotktv', '20', null, '1', null, null), ('178', '8', 'Savannah Cash', '大草原现金', 'savcas', '30', null, '1', null, null), ('179', '8', 'Time for a Deal', '三门问题', 'ashtmd', '25', null, '1', null, null), ('180', '8', 'Zhao Cai Tong Zi', '招财童子', 'zctz', '9', null, '1', null, null), ('181', '9', '7 Seat Baccarat Live', '真人7席百家乐', '7bal', null, null, '1', null, null), ('182', '9', 'Baccarat', '百家乐', 'ba', null, null, '1', null, null), ('183', '9', 'Baccarat Live', '真人百家乐', 'bal', null, null, '1', null, null), ('184', '9', 'No Commission Baccarat Live', '真人无佣金百家乐', 'nc_bal', null, null, '1', null, null), ('185', '9', 'No Commission 7 Seat Baccarat Live', '真人无佣金7席百家乐', 'nc_7bal', null, null, '1', null, null), ('186', '9', 'Progressive Live Baccarat', '真人累积百家乐', 'plba', null, null, '1', null, null), ('188', '9', 'VIP Baccarat Live', '真人 VIP 百家乐', 'vbal', null, null, '1', null, null);
COMMIT;

-- ----------------------------
--  Table structure for `def_main_game_plats`
-- ----------------------------
DROP TABLE IF EXISTS `def_main_game_plats`;
CREATE TABLE `def_main_game_plats` (
  `main_game_plat_id` int(11) unsigned NOT NULL AUTO_INCREMENT,
  `main_game_plat_code` varchar(20) NOT NULL COMMENT '主平台代码',
  `main_game_plat_name` varchar(255) DEFAULT NULL COMMENT '主游戏平台名称',
  `status` tinyint(1) DEFAULT '1' COMMENT '游戏主平台状态 1 正常  0关闭',
  `updated_at` timestamp NULL DEFAULT NULL,
  `created_at` timestamp NULL DEFAULT NULL,
  PRIMARY KEY (`main_game_plat_id`)
) ENGINE=InnoDB AUTO_INCREMENT=5 DEFAULT CHARSET=utf8 COMMENT='主游戏平台表';

-- ----------------------------
--  Records of `def_main_game_plats`
-- ----------------------------
BEGIN;
INSERT INTO `def_main_game_plats` VALUES ('1', '', '皇冠', '1', null, null), ('2', '', 'MG', '1', null, null), ('3', '', 'AG', '1', null, null), ('4', 'pt', 'PT', '1', null, null);
COMMIT;

-- ----------------------------
--  Table structure for `def_pay_channel_list`
-- ----------------------------
DROP TABLE IF EXISTS `def_pay_channel_list`;
CREATE TABLE `def_pay_channel_list` (
  `id` tinyint(3) unsigned NOT NULL AUTO_INCREMENT,
  `channel_name` varchar(150) NOT NULL COMMENT '银行卡名称 如 中国农业银行,微信',
  `channel_code` varchar(100) NOT NULL COMMENT '编码',
  `pay_channel_type_id` tinyint(3) NOT NULL DEFAULT '1' COMMENT '银行类型  \n1   传统银行 如:中国农业银行\n2  第三方支付 如:微信\n3  网络银行 如:网商银行',
  `is_need_private_key` tinyint(1) DEFAULT '0' COMMENT '是否需要填写私钥',
  `is_need_merchant_code` tinyint(1) DEFAULT '0' COMMENT '是否需要填写商户号',
  `icon_path_url` varchar(255) DEFAULT NULL COMMENT '支付渠道图标',
  `created_at` timestamp NULL DEFAULT NULL,
  `updated_at` timestamp NULL DEFAULT NULL,
  PRIMARY KEY (`id`),
  UNIQUE KEY `type_id_UNIQUE` (`id`) USING BTREE
) ENGINE=InnoDB AUTO_INCREMENT=36 DEFAULT CHARSET=utf8;

-- ----------------------------
--  Records of `def_pay_channel_list`
-- ----------------------------
BEGIN;
INSERT INTO `def_pay_channel_list` VALUES ('1', '工商银行', 'GSYH', '5', '0', '0', 'app/img/bank/ICBC.png', null, null), ('2', '建设银行', 'JSYH', '5', '0', '0', 'app/img/bank/CCB.png', null, null), ('3', '农业银行', 'NYYH', '5', '0', '0', 'app/img/bank/ABC.png', null, '2017-03-23 13:07:53'), ('4', '华夏银行', 'HXYH', '5', '0', '0', 'app/img/bank/HXBANK.png', null, '2017-03-23 13:07:37'), ('5', '招商银行', 'ZSYH', '5', '0', '0', 'app/img/bank/CMB.png', null, null), ('6', '中国银行', 'ZGYH', '5', '0', '0', 'app/img/bank/BOC.png', null, '2017-03-23 13:03:19'), ('7', '浦发银行', 'PFYH', '5', '0', '0', 'app/img/bank/SPDB.png', null, null), ('8', '中信银行', 'ZXYH', '5', '0', '0', 'CITIC', null, '2017-03-23 13:01:12'), ('9', '交通银行', 'JTYH', '5', '0', '0', 'app/img/bank/COMM.png', null, null), ('10', '邮政储蓄', 'YZYH', '5', '0', '0', 'app/img/bank/PSBC.png', null, null), ('11', '民生银行', 'MSYH', '5', '0', '0', 'app/img/bank/CMBC.png', null, null), ('12', '光大银行', 'GDYH', '5', '0', '0', 'app/img/bank/CEB.png', null, null), ('13', '平安银行', 'PAYH', '5', '0', '0', 'app/img/bank/SPABANK', null, null), ('14', '广发银行', 'GFYH', '5', '0', '0', 'app/img/bank/GDB.png', null, null), ('15', '北京银行', 'BJYH', '5', '0', '0', 'app/img/bank/BJBANK.png', null, null), ('16', '兴业银行', 'XYYH', '5', '0', '0', 'app/img/bank/CIB.png', null, null), ('17', '江苏银行', 'JSYH', '5', '0', '0', 'app/img/bank/QLBANK.png', null, null), ('18', '环迅', 'HUANXUN', '2', '0', '0', null, null, null), ('19', '智付', 'ZHIFU', '2', '0', '0', null, null, null), ('20', '国付宝', 'GUOFUBAO', '2', '0', '0', null, null, null), ('21', '银宝支付', '', '2', '0', '0', null, null, null), ('22', '支付宝(公司)', '', '6', '0', '0', 'app/img/bank/ALIPAY.png', null, null), ('23', '微信(公司)', '', '6', '0', '0', 'app/img/bank/WECHAT.png', null, null), ('24', '支付宝', '', '3', '0', '0', 'app/img/bank/ALIPAY.png', null, null), ('25', '微信', '', '3', '0', '0', 'app/img/bank/WECHAT.png', null, null), ('26', '网易一卡通', '', '8', '0', '0', null, null, null), ('27', '战网一卡通', '', '8', '0', '0', null, null, null), ('28', '新浪一卡通', '', '8', '0', '0', null, null, null), ('29', '盛大一卡通', '', '8', '0', '0', null, null, null), ('30', '九城一卡通', '', '8', '0', '0', null, null, '2017-03-23 13:04:01'), ('31', '暴雪一卡通', '', '8', '0', '0', null, null, null), ('32', '支付宝', '', '9', '0', '0', null, null, null), ('33', '微信', '', '9', '0', '0', null, null, null), ('34', '中国银行', 'ZGYH', '9', '0', '0', 'app/img/bank/BOC.png', null, '2017-03-23 13:03:42'), ('35', '招商银行', 'ZSYH', '9', '0', '0', 'app/img/bank/CMB.png', null, null);
COMMIT;

-- ----------------------------
--  Table structure for `def_pay_channel_type`
-- ----------------------------
DROP TABLE IF EXISTS `def_pay_channel_type`;
CREATE TABLE `def_pay_channel_type` (
  `id` int(11) unsigned NOT NULL AUTO_INCREMENT,
  `type_name` varchar(50) NOT NULL COMMENT '银行类型名称',
  `parent_id` int(11) DEFAULT '0' COMMENT '父类ID',
  `sort` tinyint(3) DEFAULT '0' COMMENT '排序',
  `created_at` timestamp NULL DEFAULT NULL ON UPDATE CURRENT_TIMESTAMP,
  `updated_at` timestamp NULL DEFAULT NULL,
  PRIMARY KEY (`id`)
) ENGINE=InnoDB AUTO_INCREMENT=10 DEFAULT CHARSET=utf8 COMMENT='支付渠道类型表';

-- ----------------------------
--  Records of `def_pay_channel_type`
-- ----------------------------
BEGIN;
INSERT INTO `def_pay_channel_type` VALUES ('1', '三方', '0', '0', null, null), ('2', '在线支付', '1', '0', null, null), ('3', '扫码支付', '1', '0', null, null), ('4', '公司', '0', '0', null, null), ('5', '银行转账', '4', '0', null, null), ('6', '扫码支付(公司)', '4', '0', null, null), ('7', '点卡', '0', '0', null, null), ('8', '点卡支付', '7', '0', null, null), ('9', '在线支付/扫码支付', '1', '0', null, null);
COMMIT;

-- ----------------------------
--  Table structure for `def_pins`
-- ----------------------------
DROP TABLE IF EXISTS `def_pins`;
CREATE TABLE `def_pins` (
  `id` int(11) NOT NULL AUTO_INCREMENT,
  `name` varchar(255) DEFAULT NULL COMMENT '名称',
  PRIMARY KEY (`id`)
) ENGINE=InnoDB DEFAULT CHARSET=utf8;

-- ----------------------------
--  Table structure for `permission_group`
-- ----------------------------
DROP TABLE IF EXISTS `permission_group`;
CREATE TABLE `permission_group` (
  `id` int(11) unsigned NOT NULL AUTO_INCREMENT COMMENT '权限组ID',
  `group_name` varchar(50) DEFAULT NULL COMMENT '权限分组名称',
  `sort` int(11) DEFAULT NULL COMMENT '排序',
  `parent_id` int(11) unsigned DEFAULT NULL COMMENT '父分组ID',
  `updated_at` timestamp NULL DEFAULT NULL,
  `created_at` timestamp NULL DEFAULT NULL ON UPDATE CURRENT_TIMESTAMP,
  PRIMARY KEY (`id`)
) ENGINE=InnoDB AUTO_INCREMENT=41 DEFAULT CHARSET=utf8;

-- ----------------------------
--  Records of `permission_group`
-- ----------------------------
BEGIN;
INSERT INTO `permission_group` VALUES ('1', '会员管理', '1', '0', null, '2017-04-21 13:32:42'), ('2', '优惠活动管理', '2', '0', null, '2017-04-17 15:33:03'), ('3', '系统资金', '3', '0', null, '2017-04-24 20:54:12'), ('4', '代理管理', '4', '0', null, '2017-04-17 15:33:05'), ('6', '系统设置', '5', '0', null, '2017-04-17 15:33:07'), ('7', '网站及图片管理', '6', '0', null, '2017-04-17 15:33:08'), ('8', '所有会员', '7', '1', null, '2017-04-21 13:33:02'), ('9', '优惠活动管理', '8', '2', null, '2017-04-24 15:25:44'), ('10', '支付渠道设置', '9', '3', null, '2017-04-24 20:54:22'), ('11', '代理审核', '10', '4', null, '2017-04-17 15:33:14'), ('12', '代理列表', '11', '4', null, '2017-04-17 15:33:16'), ('13', '代理域名', '12', '4', null, '2017-04-17 15:33:17'), ('14', '代理审核历史', '13', '4', null, '2017-04-17 15:33:19'), ('16', '代理类型设置', '15', '6', null, '2017-04-17 15:33:23'), ('17', '游戏平台设置', '16', '6', null, '2017-04-17 15:33:25'), ('18', '客服部门设置', '17', '6', null, '2017-04-17 15:33:26'), ('19', '客服账号设置', '18', '6', null, '2017-04-17 15:33:28'), ('20', '网站设置', '19', '7', null, '2017-04-17 15:33:30'), ('21', '会员资金', '20', '0', null, '2017-04-21 14:18:07'), ('22', '支付接口设置', '21', '3', null, null), ('23', '系统参数设置', '22', '6', null, null), ('24', '支付渠道设置', '23', '3', null, '2017-04-21 14:14:03'), ('26', '会员存款记录', '25', '21', null, null), ('27', '会员编辑', '26', '8', null, '2017-04-21 14:20:44'), ('29', '会员取款记录', '28', '21', null, '2017-05-02 16:06:52'), ('30', '会员资金调整记录', '28', '21', null, null), ('31', '会员返水', '29', '21', null, null), ('32', '会员投注流水', '30', '21', null, null), ('33', '会员取款流水限制', '31', '21', null, null), ('34', '会员等级', '32', '1', null, null), ('35', '会员资金流水', '33', '21', null, null), ('36', '系统资金明细', '34', '3', null, null), ('37', '邀请好友设置', '35', '1', null, null), ('38', '投注洗码', '36', '0', null, null), ('39', '发放投注洗码', '37', '38', null, null), ('40', '广告图片管理', '38', '7', null, null);
COMMIT;

-- ----------------------------
--  Table structure for `permissions`
-- ----------------------------
DROP TABLE IF EXISTS `permissions`;
CREATE TABLE `permissions` (
  `id` int(10) unsigned NOT NULL AUTO_INCREMENT,
  `group_id` int(11) unsigned DEFAULT NULL COMMENT '权限组ID',
  `name` varchar(255) DEFAULT NULL,
  `display_name` varchar(255) DEFAULT NULL,
  `description` varchar(255) DEFAULT NULL,
  `updated_at` timestamp NULL DEFAULT NULL ON UPDATE CURRENT_TIMESTAMP,
  `created_at` timestamp NULL DEFAULT NULL,
  PRIMARY KEY (`id`),
  KEY `name` (`name`) USING BTREE
) ENGINE=InnoDB AUTO_INCREMENT=303 DEFAULT CHARSET=utf8;

-- ----------------------------
--  Records of `permissions`
-- ----------------------------
BEGIN;
INSERT INTO `permissions` VALUES ('21', '17', 'App\\Http\\Controllers\\Carrier\\CarrierGamePlatController@create', null, '显示新增游戏平台页面', '2017-04-21 14:22:48', null), ('22', '17', 'App\\Http\\Controllers\\Carrier\\CarrierGamePlatController@store', null, '新增游戏平台', '2017-04-21 14:22:48', null), ('23', '17', 'App\\Http\\Controllers\\Carrier\\CarrierGamePlatController@destroy', null, '删除游戏平台', '2017-04-21 14:22:48', null), ('24', null, 'App\\Http\\Controllers\\Carrier\\CarrierGamePlatController@show', null, null, '2017-03-13 12:10:01', null), ('25', '17', 'App\\Http\\Controllers\\Carrier\\CarrierGamePlatController@edit', null, '显示编辑游戏平台页面', '2017-04-21 14:22:48', null), ('26', '10', 'App\\Http\\Controllers\\Carrier\\CarrierBankCardController@index', null, '显示银行卡列表', '2017-04-21 14:22:48', null), ('27', null, 'App\\Http\\Controllers\\Carrier\\CarrierBankCardController@show', null, null, '2017-03-13 12:10:03', null), ('28', '10', 'App\\Http\\Controllers\\Carrier\\CarrierBankCardController@edit', null, '显示修改银行卡页面', '2017-04-21 14:22:48', null), ('29', '10', 'App\\Http\\Controllers\\Carrier\\CarrierBankCardController@destroy', null, '删除银行卡', '2017-04-21 14:22:48', null), ('30', '10', 'App\\Http\\Controllers\\Carrier\\CarrierBankCardController@create', null, '显示新增银行卡页面', '2017-04-21 14:22:48', null), ('31', '10', 'App\\Http\\Controllers\\Carrier\\CarrierBankCardController@update', null, '更新银行卡', '2017-04-21 14:22:48', null), ('32', '10', 'App\\Http\\Controllers\\Carrier\\CarrierBankCardController@store', null, '新增银行卡', '2017-04-21 14:22:48', null), ('33', '16', 'App\\Http\\Controllers\\Carrier\\CarrierAgentLevelController@commissionAgent', null, '显示设置佣金页面', '2017-04-21 14:22:48', null), ('34', '16', 'App\\Http\\Controllers\\Carrier\\CarrierAgentLevelController@saveCommissionAgent', null, '保存设置佣金信息', '2017-04-21 14:22:48', null), ('41', '12', 'App\\Http\\Controllers\\Carrier\\CarrierAgentUserController@index', null, '显示代理列表', '2017-04-21 14:22:48', null), ('42', '12', 'App\\Http\\Controllers\\Carrier\\CarrierAgentUserController@create', null, '显示新增代理页面', '2017-04-21 14:22:48', null), ('43', '12', 'App\\Http\\Controllers\\Carrier\\CarrierAgentUserController@store', null, '新增代理', '2017-04-21 14:22:48', null), ('44', '12', 'App\\Http\\Controllers\\Carrier\\CarrierAgentUserController@update', null, '更新代理信息', '2017-04-21 14:22:48', null), ('45', '12', 'App\\Http\\Controllers\\Carrier\\CarrierAgentUserController@destroy', null, '删除代理', '2017-04-21 14:22:48', null), ('46', null, 'App\\Http\\Controllers\\Carrier\\CarrierAgentUserController@show', null, null, '2017-03-13 12:10:05', null), ('47', '12', 'App\\Http\\Controllers\\Carrier\\CarrierAgentUserController@showAgentUserInfoEditModal', null, '显示代理编辑模态框', '2017-04-21 14:22:48', null), ('48', '17', 'App\\Http\\Controllers\\Carrier\\CarrierGameController@index', null, '显示游戏列表', '2017-04-21 14:22:48', null), ('49', null, 'App\\Http\\Controllers\\Carrier\\CarrierAgentUserController@saveStatus', null, null, '2017-04-01 21:40:01', null), ('50', null, 'App\\Http\\Controllers\\Carrier\\CarrierAgentLevelController@saveStatus', null, null, '2017-04-01 21:40:05', null), ('51', null, 'App\\Http\\Controllers\\Carrier\\CarrierBankCardController@lister', null, null, '2017-03-13 12:10:08', null), ('52', '13', 'App\\Http\\Controllers\\Carrier\\CarrierAgentDomainController@create', null, '显示新增代理域名页面', '2017-04-21 14:22:48', null), ('53', '13', 'App\\Http\\Controllers\\Carrier\\CarrierAgentDomainController@store', null, '新增代理域名', '2017-04-21 14:22:48', null), ('54', '13', 'App\\Http\\Controllers\\Carrier\\CarrierAgentDomainController@update', null, '更新代理域名', '2017-04-21 14:22:48', null), ('55', '13', 'App\\Http\\Controllers\\Carrier\\CarrierAgentDomainController@destroy', null, '删除代理域名', '2017-04-21 14:22:48', null), ('56', null, 'App\\Http\\Controllers\\Carrier\\CarrierAgentDomainController@show', null, null, '2017-03-13 12:10:10', null), ('57', '13', 'App\\Http\\Controllers\\Carrier\\CarrierAgentDomainController@edit', null, '显示修改代理域名页面', '2017-04-21 14:22:48', null), ('58', '13', 'App\\Http\\Controllers\\Carrier\\CarrierAgentDomainController@index', null, '代理域名列表', '2017-04-21 14:22:48', null), ('59', '34', 'App\\Http\\Controllers\\Carrier\\CarrierPlayerLevelBankCardMapController@update', null, '更新会员等级银行卡', '2017-04-26 20:21:45', null), ('60', '17', 'App\\Http\\Controllers\\Carrier\\CarrierGameController@create', null, '显示新增游戏列表', '2017-04-21 14:22:48', null), ('61', '17', 'App\\Http\\Controllers\\Carrier\\CarrierGameController@store', null, '新增游戏', '2017-04-21 14:22:48', null), ('62', '17', 'App\\Http\\Controllers\\Carrier\\CarrierGameController@update', null, '更新游戏', '2017-04-21 14:22:48', null), ('63', '17', 'App\\Http\\Controllers\\Carrier\\CarrierGameController@destroy', null, '删除游戏', '2017-04-21 14:22:48', null), ('64', null, 'App\\Http\\Controllers\\Carrier\\CarrierGameController@show', null, null, '2017-03-13 12:10:13', null), ('65', '17', 'App\\Http\\Controllers\\Carrier\\CarrierGameController@edit', null, '显示编辑游戏页面', '2017-04-21 14:22:48', null), ('66', null, 'App\\Http\\Controllers\\Carrier\\CarrierAgentUserController@dataAgentLevel', null, '', '2017-04-01 21:40:16', null), ('68', '19', 'App\\Http\\Controllers\\Carrier\\CarrierAgentUserController@editPassword', null, '显示修改客服密码页面', '2017-04-21 14:22:48', null), ('69', '19', 'App\\Http\\Controllers\\Carrier\\CarrierAgentUserController@savePassword', null, '修改客服密码', '2017-04-21 14:22:48', null), ('71', '34', 'App\\Http\\Controllers\\Carrier\\CarrierPlayerGamePlatRebateFinancialFlowController@update', null, '设置会员等级游戏平台洗码', '2017-05-02 13:34:50', null), ('72', '11', 'App\\Http\\Controllers\\Carrier\\CarrierAgentAuditController@index', null, '代理审核列表', '2017-04-21 14:22:48', null), ('73', '11', 'App\\Http\\Controllers\\Carrier\\CarrierAgentAuditController@audit', null, '显示代理审核列表', '2017-04-21 14:22:48', null), ('74', '11', 'App\\Http\\Controllers\\Carrier\\CarrierAgentAuditController@saveAudit', null, '保存代理审核', '2017-04-21 14:22:48', null), ('75', '14', 'App\\Http\\Controllers\\Carrier\\CarrierAgentAuditHistoryController@index', null, '代理审核历史列表', '2017-04-21 14:22:48', null), ('76', '8', 'App\\Http\\Controllers\\Carrier\\PlayerController@index', null, '所有会员列表', '2017-05-02 16:13:41', null), ('77', '8', 'App\\Http\\Controllers\\Carrier\\PlayerController@update', null, '更新会员信息', '2017-05-02 16:13:33', null), ('78', '35', 'App\\Http\\Controllers\\Carrier\\PlayerAccountLogController@index', null, '会员资金流水记录', '2017-04-24 20:51:50', null), ('79', '8', 'App\\Http\\Controllers\\Carrier\\PlayerController@show', null, '查看会员具体信息', '2017-05-02 16:15:24', null), ('80', '18', 'App\\Http\\Controllers\\Carrier\\CarrierServiceTeamController@index', null, '查看客服部门列表', '2017-04-21 14:22:48', null), ('81', '18', 'App\\Http\\Controllers\\Carrier\\CarrierServiceTeamController@create', null, '显示新增客服部门页面', '2017-04-21 14:22:48', null), ('82', '18', 'App\\Http\\Controllers\\Carrier\\CarrierServiceTeamController@store', null, '新增客服部门', '2017-04-21 14:22:48', null), ('83', '18', 'App\\Http\\Controllers\\Carrier\\CarrierServiceTeamController@update', null, '更新客服部门', '2017-04-21 14:22:48', null), ('84', '18', 'App\\Http\\Controllers\\Carrier\\CarrierServiceTeamController@destroy', null, '删除客服部门', '2017-04-21 14:22:48', null), ('85', null, 'App\\Http\\Controllers\\Carrier\\CarrierServiceTeamController@show', null, null, '2017-03-13 12:10:21', null), ('86', '18', 'App\\Http\\Controllers\\Carrier\\CarrierServiceTeamController@edit', null, '显示编辑客服部门页面', '2017-04-21 14:22:48', null), ('87', '27', 'App\\Http\\Controllers\\Carrier\\PlayerController@showFinancial', null, '显示会员财务信息', '2017-05-02 16:13:43', null), ('88', '27', 'App\\Http\\Controllers\\Carrier\\PlayerController@showTradeLog', null, '显示会员交易信息', '2017-05-02 16:13:44', null), ('89', '27', 'App\\Http\\Controllers\\Carrier\\PlayerController@gameManage', null, '显示会员游戏管理', '2017-05-02 16:13:46', null), ('90', '27', 'App\\Http\\Controllers\\Carrier\\PlayerController@showLoginLog', null, '显示会员登陆日志', '2017-05-02 16:13:48', null), ('91', '27', 'App\\Http\\Controllers\\Carrier\\PlayerController@showCheatLog', null, '显示防套利', '2017-04-21 14:20:58', null), ('92', '27', 'App\\Http\\Controllers\\Carrier\\PlayerController@showRecommendLog', null, '显示推荐会员日志', '2017-05-02 16:13:51', null), ('93', '19', 'App\\Http\\Controllers\\Carrier\\CarrierUserController@create', null, '显示新增客服账号页面', '2017-04-21 14:22:48', null), ('94', '19', 'App\\Http\\Controllers\\Carrier\\CarrierUserController@update', null, '更新客服账号', '2017-04-21 14:22:48', null), ('95', '19', 'App\\Http\\Controllers\\Carrier\\CarrierUserController@destroy', null, '删除客服账号', '2017-04-21 14:22:48', null), ('96', null, 'App\\Http\\Controllers\\Carrier\\CarrierUserController@show', null, null, '2017-03-13 12:10:28', null), ('97', '19', 'App\\Http\\Controllers\\Carrier\\CarrierUserController@edit', null, '显示编辑客服账号页面', '2017-04-21 14:22:48', null), ('98', '19', 'App\\Http\\Controllers\\Carrier\\CarrierUserController@editPassword', null, '显示修改客服密码页面', '2017-04-21 14:22:48', null), ('99', '40', 'App\\Http\\Controllers\\Carrier\\CarrierImageController@index', null, '显示图片列表', '2017-05-02 16:01:21', null), ('100', '40', 'App\\Http\\Controllers\\Carrier\\CarrierImageController@show', null, '显示图片', '2017-05-02 16:01:22', null), ('101', '40', 'App\\Http\\Controllers\\Carrier\\CarrierImageController@destroy', null, '删除图片', '2017-05-02 16:01:24', null), ('102', '40', 'App\\Http\\Controllers\\Carrier\\CarrierImageCategoryController@index', null, '显示素材类别列表', '2017-05-02 16:01:25', null), ('103', '40', 'App\\Http\\Controllers\\Carrier\\CarrierImageCategoryController@edit', null, '显示编辑素材页面', '2017-05-02 16:01:26', null), ('104', '40', 'App\\Http\\Controllers\\Carrier\\CarrierImageCategoryController@update', null, '更新素材类别信息', '2017-05-02 16:01:28', null), ('105', '40', 'App\\Http\\Controllers\\Carrier\\CarrierImageCategoryController@destroy', null, '删除素材类别', '2017-05-02 16:01:30', null), ('106', '19', 'App\\Http\\Controllers\\Carrier\\CarrierUserController@savePassword', null, '保存修改客服账号密码', '2017-04-01 21:21:43', null), ('107', null, 'App\\Http\\Controllers\\Carrier\\CarrierServiceTeamController@permissionSetShow', null, null, '2017-04-21 14:22:48', null), ('109', '40', 'App\\Http\\Controllers\\Carrier\\CarrierImageController@store', null, '上传图片', '2017-05-02 16:01:49', null), ('110', '9', 'App\\Http\\Controllers\\Carrier\\CarrierActivityTypeController@index', null, '优惠活动类型列表', '2017-03-11 20:56:17', null), ('111', '9', 'App\\Http\\Controllers\\Carrier\\CarrierActivityTypeController@create', null, '显示优惠活动类型创建页面', '2017-03-11 20:56:18', null), ('112', '9', 'App\\Http\\Controllers\\Carrier\\CarrierActivityTypeController@store', null, '新增优惠活动类型', '2017-03-11 20:56:22', null), ('113', '9', 'App\\Http\\Controllers\\Carrier\\CarrierActivityTypeController@edit', null, '显示优惠活动类型编辑页面', '2017-03-11 20:56:23', null), ('114', '9', 'App\\Http\\Controllers\\Carrier\\CarrierActivityTypeController@update', null, '更新优惠活动类型', '2017-03-11 20:56:24', null), ('115', '9', 'App\\Http\\Controllers\\Carrier\\CarrierActivityTypeController@destroy', null, '删除优惠活动类型', '2017-03-11 20:56:24', null), ('116', '9', 'App\\Http\\Controllers\\Carrier\\CarrierActivityTypeController@saveStatus', null, '优惠活动禁用或启用', '2017-04-01 21:58:24', null), ('120', '9', 'App\\Http\\Controllers\\Carrier\\CarrierActivityController@index', null, '优惠活动列表', '2017-04-24 15:22:25', null), ('121', '9', 'App\\Http\\Controllers\\Carrier\\CarrierActivityController@create', null, '显示优惠活动创建页面', '2017-04-24 15:22:27', null), ('122', '9', 'App\\Http\\Controllers\\Carrier\\CarrierActivityController@store', null, '新增优惠活动', '2017-04-24 15:22:34', null), ('123', '40', 'App\\Http\\Controllers\\Carrier\\CarrierImageCategoryController@create', null, '显示新增素材列表页面', '2017-05-02 16:04:44', null), ('124', '40', 'App\\Http\\Controllers\\Carrier\\CarrierImageCategoryController@store', null, '新增素材信息', '2017-05-02 16:04:46', null), ('125', '40', 'App\\Http\\Controllers\\Carrier\\CarrierImageController@update', null, '更新图片信息', '2017-05-02 16:04:49', null), ('126', '20', 'App\\Http\\Controllers\\Carrier\\CarrierWebSiteConfController@update', null, '更新网站设置', '2017-05-02 16:05:15', null), ('127', '20', 'App\\Http\\Controllers\\Carrier\\CarrierWebSiteConfController@index', null, '显示网站设置界面', '2017-05-02 16:05:20', null), ('130', null, 'App\\Http\\Controllers\\Carrier\\CarrierServiceTeamController@permissionSave', null, null, null, null), ('131', '19', 'App\\Http\\Controllers\\Carrier\\CarrierUserController@index', null, '运营商客服账号管理', '2017-04-21 14:22:48', '2017-02-27 09:13:44'), ('132', '19', 'App\\Http\\Controllers\\Carrier\\CarrierUserController@store', null, '新增运营商账号', '2017-04-21 14:22:48', null), ('133', '21', 'App\\Http\\Controllers\\Carrier\\HomeController@index', null, '主页', '2017-04-21 14:22:48', null), ('134', '34', 'App\\Http\\Controllers\\Carrier\\CarrierPlayerLevelController@index', null, '查看会员等级列表', '2017-05-02 16:24:15', null), ('135', '34', 'App\\Http\\Controllers\\Carrier\\CarrierPlayerLevelController@create', null, '显示会员等级创建页面', '2017-05-02 16:24:16', null), ('136', '34', 'App\\Http\\Controllers\\Carrier\\CarrierPlayerLevelController@store', null, '新增会员等级', '2017-05-02 16:24:17', null), ('137', '34', 'App\\Http\\Controllers\\Carrier\\CarrierPlayerLevelController@destroy', null, '删除会员等级', '2017-05-02 16:24:18', null), ('138', '34', 'App\\Http\\Controllers\\Carrier\\CarrierPlayerLevelController@update', null, '更新会员等级', '2017-05-02 16:24:19', null), ('139', '34', 'App\\Http\\Controllers\\Carrier\\CarrierPlayerLevelController@edit', null, '显示编辑会员等级页面', '2017-05-02 16:24:20', null), ('140', '16', 'App\\Http\\Controllers\\Carrier\\CarrierAgentLevelController@index', null, '显示代理等级列表', '2017-04-21 14:22:48', null), ('141', '17', 'App\\Http\\Controllers\\Carrier\\CarrierGamePlatController@index', null, '显示游戏平台列表', '2017-04-21 14:22:48', null), ('142', '16', 'App\\Http\\Controllers\\Carrier\\CarrierAgentLevelController@create', null, '显示代理等级创建页面', '2017-04-21 14:22:48', null), ('143', '16', 'App\\Http\\Controllers\\Carrier\\CarrierAgentLevelController@store', null, '新增代理等级', '2017-04-21 14:22:48', null), ('144', null, 'App\\Http\\Controllers\\Carrier\\CarrierPlayerLevelController@show', null, null, '2017-03-15 16:50:23', null), ('146', '16', 'App\\Http\\Controllers\\Carrier\\CarrierAgentLevelController@update', null, '更新代理类型', '2017-04-21 14:22:48', null), ('147', '16', 'App\\Http\\Controllers\\Carrier\\CarrierAgentLevelController@destroy', null, '删除代理类型', '2017-04-21 14:22:48', null), ('148', null, 'App\\Http\\Controllers\\Carrier\\CarrierAgentLevelController@show', null, null, '2017-03-15 16:50:32', null), ('149', '16', 'App\\Http\\Controllers\\Carrier\\CarrierAgentLevelController@edit', null, '显示编辑代理类型页面', '2017-04-21 14:22:48', null), ('150', '17', 'App\\Http\\Controllers\\Carrier\\CarrierGamePlatController@update', null, '更新游戏平台', '2017-04-21 14:22:48', null), ('151', '23', 'App\\Http\\Controllers\\Carrier\\CarrierDashLoginConfController@index', null, '显示登录注册配置', '2017-04-21 14:10:56', null), ('152', '23', 'App\\Http\\Controllers\\Carrier\\CarrierDashLoginConfController@update', null, '更新登录注册配置', '2017-04-21 14:11:02', null), ('157', '24', 'App\\Http\\Controllers\\Carrier\\CarrierPayChannelController@index', null, '显示运营商支付渠道列表', '2017-04-21 14:13:23', null), ('158', '24', 'App\\Http\\Controllers\\Carrier\\CarrierPayChannelController@create', null, '显示新增运营商支付渠道界面', '2017-04-21 14:13:25', null), ('159', '24', 'App\\Http\\Controllers\\Carrier\\CarrierPayChannelController@store', null, '新增运营商支付渠道', '2017-04-21 14:13:25', null), ('160', '24', 'App\\Http\\Controllers\\Carrier\\CarrierPayChannelController@show', null, '显示某个运营商支付渠道', '2017-04-21 14:13:27', null), ('161', '24', 'App\\Http\\Controllers\\Carrier\\CarrierPayChannelController@update', null, '更新运营商支付渠道', '2017-04-21 14:13:27', null), ('162', '24', 'App\\Http\\Controllers\\Carrier\\CarrierPayChannelController@destroy', null, '删除运营商支付渠道', '2017-04-21 14:13:28', null), ('166', '24', 'App\\Http\\Controllers\\Carrier\\CarrierPayChannelController@edit', null, '显示编辑运营商支付渠道界面', '2017-04-24 15:29:28', null), ('167', '26', 'App\\Http\\Controllers\\Carrier\\PlayerDepositPayLogController@index', null, '显示会员存款列表', '2017-04-21 14:18:59', null), ('168', '26', 'App\\Http\\Controllers\\Carrier\\PlayerDepositPayLogController@edit', null, '显示编辑会员存款界面', '2017-04-21 14:19:01', null), ('169', '26', 'App\\Http\\Controllers\\Carrier\\PlayerDepositPayLogController@update', null, '更新会员存款信息', '2017-04-21 14:19:03', null), ('170', '22', 'App\\Http\\Controllers\\Carrier\\CarrierPayChannelController@saveStatus', null, '更改支付渠道状态', '2017-04-21 14:01:41', null), ('171', '22', 'App\\Http\\Controllers\\Carrier\\CarrierThirdPartPayController@index', null, '显示支付接口列表', '2017-04-21 14:02:25', null), ('172', '22', 'App\\Http\\Controllers\\Carrier\\CarrierThirdPartPayController@create', null, '显示新建支付接口设置界面', '2017-04-21 14:03:01', null), ('173', '22', 'App\\Http\\Controllers\\Carrier\\CarrierThirdPartPayController@update', null, '更新支付接口设置', '2017-04-21 14:02:40', null), ('174', '22', 'App\\Http\\Controllers\\Carrier\\CarrierThirdPartPayController@store', null, '新建支付接口设置', '2017-04-21 14:02:51', null), ('175', '22', 'App\\Http\\Controllers\\Carrier\\CarrierThirdPartPayController@edit', null, '显示编辑支付接口设置界面', '2017-04-21 14:03:12', null), ('176', '9', 'App\\Http\\Controllers\\Carrier\\CarrierActivityController@edit', null, '显示优惠活动编辑页面', '2017-04-24 15:23:35', null), ('177', null, 'App\\Http\\Controllers\\Carrier\\Auth\\LoginController@logout ', null, null, '2017-03-21 17:38:14', null), ('178', '9', 'App\\Http\\Controllers\\Carrier\\CarrierActivityController@update', null, '更新优惠活动', '2017-04-24 15:23:21', null), ('179', '23', 'App\\Http\\Controllers\\Carrier\\CarrierDepositConfController@index', null, '显示运营商存款设置界面', '2017-04-21 14:05:27', null), ('180', '23', 'App\\Http\\Controllers\\Carrier\\CarrierDepositConfController@update', null, '更新运营商存款设置', '2017-04-21 14:05:29', null), ('181', '23', 'App\\Http\\Controllers\\Carrier\\CarrierWithdrawConfController@index', null, '显示运营商取款设置界面', '2017-04-21 14:05:30', null), ('182', '23', 'App\\Http\\Controllers\\Carrier\\CarrierWithdrawConfController@update', null, '更新运营商取款设置', '2017-04-21 14:05:33', null), ('183', '23', 'App\\Http\\Controllers\\Carrier\\CarrierPasswordRecoverySiteConfController@index', null, '显示找回密码设置界面', '2017-04-21 14:05:50', null), ('184', '23', 'App\\Http\\Controllers\\Carrier\\CarrierPasswordRecoverySiteConfController@update', null, '更新找回密码设置', '2017-04-21 14:05:56', null), ('188', '24', 'App\\Http\\Controllers\\Carrier\\CarrierPayChannelController@payList', null, '支付列表', '2017-04-24 15:31:05', null), ('189', '24', 'App\\Http\\Controllers\\Carrier\\CarrierPayChannelController@bindPayList', null, '绑定第三方支付', '2017-04-24 15:31:00', null), ('190', '24', 'App\\Http\\Controllers\\Carrier\\CarrierPayChannelController@unbundList', null, '解绑第三方支付', '2017-04-24 15:30:55', null), ('191', '24', 'App\\Http\\Controllers\\Carrier\\CarrierPayChannelController@unbundPayList', null, '解绑三方支付列表', '2017-04-24 15:30:50', null), ('192', '23', 'App\\Http\\Controllers\\Carrier\\CarrierRegisterBasicConfController@index', null, '显示运营商注册基本信息配置界面', '2017-04-24 15:33:10', null), ('193', '23', 'App\\Http\\Controllers\\Carrier\\CarrierRegisterBasicConfController@update', null, '更新运营商注册基本信息配置界面', '2017-04-24 15:33:13', null), ('194', '12', 'App\\Http\\Controllers\\Carrier\\CarrierAgentLevelController@platformFee', null, '代理平台费界面', '2017-04-24 15:33:33', null), ('195', '12', 'App\\Http\\Controllers\\Carrier\\CarrierAgentLevelController@savePlatformFee', null, '更新代理平台费', '2017-04-24 15:33:37', null), ('196', '8', 'App\\Http\\Controllers\\Carrier\\PlayerController@showBankManage', null, '显示银行管理界面', '2017-04-24 15:33:52', null), ('197', '8', 'App\\Http\\Controllers\\Carrier\\PlayerController@updateRealName', null, '更新会员姓名', '2017-05-02 16:13:22', null), ('198', '8', 'App\\Http\\Controllers\\Carrier\\PlayerController@updateInviteUser', null, '更新会员邀请人', '2017-05-02 16:13:19', null), ('199', '8', 'App\\Http\\Controllers\\Carrier\\PlayerController@updateTelephone', null, '更新会员手机号', '2017-05-02 16:13:18', null), ('200', '8', 'App\\Http\\Controllers\\Carrier\\PlayerController@updateLevel', null, '更新会员等级', '2017-05-02 16:13:15', null), ('201', '8', 'App\\Http\\Controllers\\Carrier\\PlayerController@updateEmail', null, '更新会员邮箱地址', '2017-05-02 16:13:14', null), ('202', '8', 'App\\Http\\Controllers\\Carrier\\PlayerController@updateAgent', null, '更新会员所属代理', '2017-05-02 16:13:12', null), ('203', '8', 'App\\Http\\Controllers\\Carrier\\PlayerController@queryAndSynchronizePlayerAllGameAccountsToDB', null, '同步会员游戏账户余额', '2017-05-02 16:13:11', null), ('204', '8', 'App\\Http\\Controllers\\Carrier\\PlayerController@withDrawAllPlayerGameAccounts', null, '一键转出会员所有游戏余额', '2017-05-02 16:13:09', null), ('205', '8', 'App\\Http\\Controllers\\Carrier\\PlayerController@updatePlayerPTGamePassword', null, '修改会员PT游戏密码', '2017-05-02 16:13:07', null), ('206', '8', 'App\\Http\\Controllers\\Carrier\\PlayerController@withDrawPlayerGameAccount', null, '一键转出会员游戏账户余额至主账户', '2017-05-02 16:13:03', null), ('207', '8', 'App\\Http\\Controllers\\Carrier\\PlayerController@depositPlayerGameAccount', null, '一键将所有主账户余额转入会员游戏账户', '2017-05-02 16:13:05', null), ('208', '8', 'App\\Http\\Controllers\\Carrier\\PlayerController@switchPlayerGameAccountTransferLockStatus', null, '将会员转账锁定', '2017-05-02 16:12:58', null), ('209', '8', 'App\\Http\\Controllers\\Carrier\\PlayerController@switchPlayerGameCloseStatus', null, '将会员游戏关闭', '2017-05-02 16:12:55', null), ('212', '12', 'App\\Http\\Controllers\\Carrier\\CarrierAgentLevelController@rebateFinancialFlowAgent', null, '洗码代理页面设置', '2017-04-24 15:34:49', null), ('213', '12', 'App\\Http\\Controllers\\Carrier\\CarrierAgentLevelController@saveRebateFinancialFlowAgent', null, '保存洗码代理设置', '2017-04-24 15:34:51', null), ('214', '8', 'App\\Http\\Controllers\\Carrier\\PlayerController@kickPlayerOutLine', null, '将会员强制踢线', '2017-05-02 16:12:53', null), ('215', '9', 'App\\Http\\Controllers\\Carrier\\CarrierActivityController@saveStatus', null, '保存优惠活动已上架或已下架', '2017-04-24 15:24:04', null), ('219', '30', 'App\\Http\\Controllers\\Carrier\\PlayerAccountAdjustLogController@index', null, '会员资金调整记录列表', '2017-04-24 15:35:53', null), ('221', '30', 'App\\Http\\Controllers\\Carrier\\PlayerAccountAdjustLogController@store', null, '调整会员资金', '2017-05-02 16:11:41', null), ('222', '34', 'App\\Http\\Controllers\\Carrier\\CarrierPlayerLevelController@bankCardAll', null, '会员等级支付渠道', '2017-04-24 15:38:43', null), ('223', '33', 'App\\Http\\Controllers\\Carrier\\PlayerWithdrawFlowLimitLogController@index', null, '取款流水限制列表', '2017-04-24 15:39:00', null), ('224', '33', 'App\\Http\\Controllers\\Carrier\\PlayerWithdrawFlowLimitLogController@update', null, '更新取款流水限制', '2017-04-24 15:39:12', null), ('225', '32', 'App\\Http\\Controllers\\Carrier\\PlayerBetFlowLogController@index', null, '查看会员投注明细列表', '2017-05-02 16:14:34', null), ('226', '32', 'App\\Http\\Controllers\\Carrier\\PlayerBetFlowLogController@update', null, '更新会员投注记录', '2017-05-02 16:14:32', null), ('227', '31', 'App\\Http\\Controllers\\Carrier\\PlayerRebateFinancialFlowController@index', null, '查看会员返水明细列表', '2017-05-02 16:14:36', null), ('228', '31', 'App\\Http\\Controllers\\Carrier\\PlayerRebateFinancialFlowController@update', null, '更新会员返水记录', '2017-05-02 16:14:37', null), ('229', '8', 'App\\Http\\Controllers\\Carrier\\PlayerController@showPlayerBonusSettingModal', null, '显示调整红利界面', '2017-04-24 15:36:10', null), ('232', '8', 'App\\Http\\Controllers\\Carrier\\PlayerController@updatePlayerLoginPassword', null, '修改会员登陆密码', '2017-05-02 16:14:43', null), ('234', '8', 'App\\Http\\Controllers\\Carrier\\PlayerController@updatePlayerPayPassword', null, '修改会员取款密码', '2017-05-02 16:14:46', null), ('235', '8', 'App\\Http\\Controllers\\Carrier\\PlayerController@togglePlayerAccountStatus', null, '切换会员账户状态', '2017-05-02 16:14:48', null), ('236', '9', 'App\\Http\\Controllers\\Carrier\\CarrierActivityAuditController@index', null, '显示待审核活动列表', '2017-04-25 15:19:02', null), ('237', '29', 'App\\Http\\Controllers\\Carrier\\PlayerWithdrawLogController@index', null, '显示取款数据列表', '2017-04-21 19:43:45', null), ('238', '29', 'App\\Http\\Controllers\\Carrier\\PlayerWithdrawLogController@update', null, '更新取款信息', '2017-04-21 19:43:46', null), ('240', '29', 'App\\Http\\Controllers\\Carrier\\PlayerWithdrawLogController@resetWithdrawFlowRecord', null, '清除某条取款流水限制', '2017-04-21 19:43:46', null), ('241', '29', 'App\\Http\\Controllers\\Carrier\\PlayerWithdrawLogController@refuseWithdrawApply', null, '拒绝取款社情', '2017-04-21 19:43:46', null), ('243', '29', 'App\\Http\\Controllers\\Carrier\\PlayerWithdrawLogController@show', null, '显示取款信息', '2017-04-21 19:43:46', null), ('245', '9', 'App\\Http\\Controllers\\Carrier\\CarrierActivityAuditController@update', null, '审核会员参与的活动', '2017-05-02 16:14:54', null), ('246', null, 'App\\Http\\Controllers\\Carrier\\PlayerWithdrawLogController@payModal', null, null, null, null), ('250', null, 'App\\Http\\Controllers\\Carrier\\CarrierAgentLevelController@costTakeAgent', null, '占成代理显示页面', '2017-04-13 16:47:39', null), ('251', '39', 'App\\Http\\Controllers\\Carrier\\PlayerRebateFinancialFlowController@passRebateFinancialFlowLog', null, '发放会员洗码', '2017-05-02 16:14:58', null), ('252', null, 'App\\Http\\Controllers\\Carrier\\CarrierAgentLevelController@saveCostTakeAgent', null, '保存占成代理', '2017-04-13 16:47:48', null), ('254', null, 'App\\Http\\Controllers\\Carrier\\CarrierAgentUserController@agentSubPlayer', null, '代理下线会员', '2017-04-21 14:22:48', null), ('255', null, 'App\\Http\\Controllers\\Carrier\\CarrierAgentUserController@subAgent', null, '代理旗下的代理用户', '2017-04-21 14:22:48', null), ('256', null, 'App\\Http\\Controllers\\Carrier\\CarrierAgentUserController@agentAmount', null, '修改代理余额', '2017-04-21 14:22:48', null), ('257', '36', 'App\\Http\\Controllers\\Carrier\\CarrierQuotaConsumptionLogController@index', null, '系统资金明细', '2017-04-24 20:55:02', null), ('258', null, 'App\\Http\\Controllers\\Carrier\\CarrierAgentUserController@experienceAmount', null, '修改代理会员礼金', '2017-04-21 14:22:48', null), ('259', null, 'App\\Http\\Controllers\\Carrier\\CarrierAgentUserController@updateTelephone', null, '修改代理手机号', '2017-04-21 14:22:48', null), ('260', null, 'App\\Http\\Controllers\\Carrier\\CarrierAgentUserController@updateEmail', null, '修改代理邮箱', '2017-04-21 14:22:48', null), ('261', null, 'App\\Http\\Controllers\\Carrier\\CarrierAgentUserController@updateRealName', null, '修改代理真实姓名', '2017-04-21 14:22:48', null), ('262', null, 'App\\Http\\Controllers\\Carrier\\CarrierAgentUserController@edit', null, '编辑代理信息', '2017-04-21 14:22:48', null), ('263', null, 'App\\Http\\Controllers\\Carrier\\CarrierAgentUserController@editAgentType', null, '编辑代理类型', '2017-04-21 14:22:48', null), ('264', null, 'App\\Http\\Controllers\\Carrier\\CarrierAgentUserController@saveAgentType', null, '保存代理类型', '2017-04-21 14:22:48', null), ('265', null, 'App\\Http\\Controllers\\Carrier\\AgentAccountAdjustLogController@store', null, null, null, null), ('266', null, 'App\\Http\\Controllers\\Carrier\\AgentAccountAdjustLogController@index', null, '代理调整资金记录', '2017-04-21 14:22:48', null), ('267', null, 'App\\Http\\Controllers\\Carrier\\CarrierAgentUserController@saveExperienceAmount', null, '修改代理会员礼金', '2017-04-21 14:22:48', null), ('268', '12', 'isSupportMultilevelCommissionAgent', null, '开设佣金代理', '2017-04-21 14:22:48', null), ('269', '37', 'App\\Http\\Controllers\\Carrier\\CarrierInviteFriendController@saveInvitePlayerConf', null, '保存邀请好友设置', '2017-05-02 16:26:23', null), ('270', null, 'App\\Http\\Controllers\\Carrier\\CarrierAgentSettleLogController@index', null, '代理佣金结算', '2017-04-27 21:05:50', null), ('271', null, 'App\\Http\\Controllers\\Carrier\\CarrierAgentSettleLogController@create', null, '创建代理佣金结算单', '2017-04-27 21:05:54', null), ('272', null, 'App\\Http\\Controllers\\Carrier\\CarrierAgentSettleLogController@store', null, '确认是否创建代理佣金结算单', '2017-04-27 21:06:02', null), ('273', '26', 'App\\Http\\Controllers\\Carrier\\PlayerDepositPayReviewLogController@index', null, '显示待审核存款列表', '2017-04-21 19:43:46', null), ('274', '26', 'App\\Http\\Controllers\\Carrier\\PlayerDepositPayReviewLogController@reviewDepositLog', null, '审核存款', '2017-04-24 14:59:21', null), ('275', '26', 'App\\Http\\Controllers\\Carrier\\PlayerDepositPayReviewLogController@show', null, '显示待审核存款信息', '2017-04-21 19:43:46', null), ('276', '26', 'App\\Http\\Controllers\\Carrier\\PlayerDepositPayReviewLogController@destroy', null, '删除待审核存款数据', '2017-04-21 19:43:46', null), ('277', null, 'App\\Http\\Controllers\\Carrier\\CarrierAgentDepositPayLogController@index', null, '代理存款记录', '2017-04-25 13:41:32', null), ('278', null, 'App\\Http\\Controllers\\Carrier\\CarrierAgentWithdrawLogController@index', null, '代理取款记录', null, null), ('279', null, 'App\\Http\\Controllers\\Carrier\\CarrierAgentWithdrawLogController@refuseModal', null, '显示拒绝代理申请', null, null), ('280', null, 'App\\Http\\Controllers\\Carrier\\CarrierAgentWithdrawLogController@refuseWithdrawApply', null, '保存拒绝代理申请', null, null), ('281', null, 'App\\Http\\Controllers\\Carrier\\CarrierAgentWithdrawLogController@payModal', null, '显示通过代理申请', null, null), ('282', null, 'App\\Http\\Controllers\\Carrier\\CarrierAgentWithdrawLogController@update', null, '通过代理申请', '2017-04-26 14:00:40', null), ('283', null, 'App\\Http\\Controllers\\Carrier\\CarrierAgentSettleLogController@gamePlatWinAmount', null, '代理结算公司输赢', '2017-04-27 21:01:19', null), ('284', null, 'App\\Http\\Controllers\\Carrier\\CarrierAgentSettleLogController@costShare', null, '代理结算成本分摊', '2017-04-27 21:01:22', null), ('285', null, 'App\\Http\\Controllers\\Carrier\\CarrierAgentSettleLogController@manualTuneup', null, '代理结算手工调整', '2017-04-27 21:01:27', null), ('286', null, 'App\\Http\\Controllers\\Carrier\\CarrierAgentSettleLogController@actualPayment', null, '代理结算实际发放', '2017-04-27 21:01:30', null), ('287', null, 'App\\Http\\Controllers\\Carrier\\CarrierAgentSettleLogController@saveManualTuneup', null, '代理结算保存手工调整金额', '2017-04-27 21:01:33', null), ('288', null, 'App\\Http\\Controllers\\Carrier\\CarrierAgentSettleLogController@saveActualPayment', null, '代理结算保存实际发放', '2017-04-27 21:01:38', null), ('289', null, 'App\\Http\\Controllers\\Carrier\\CarrierAgentSettleLogController@theTrial', null, '代理结算初审', '2017-04-27 21:01:44', null), ('290', null, 'App\\Http\\Controllers\\Carrier\\CarrierAgentSettleLogController@saveTheTrial', null, '代理结算保存初审', '2017-04-27 21:01:47', null), ('291', null, 'App\\Http\\Controllers\\Carrier\\CarrierAgentSettleLogController@reviewTrial', null, '代理结算复审', '2017-04-27 21:01:51', null), ('292', null, 'App\\Http\\Controllers\\Carrier\\CarrierAgentSettleLogController@saveReviewTrial', null, '代理结算保存复审', '2017-04-27 21:01:55', null), ('293', null, 'App\\Http\\Controllers\\Carrier\\CarrierAgentSettleHistoryLogController@index', null, '代理结算历史', '2017-04-27 21:01:58', null), ('294', null, 'App\\Http\\Controllers\\Carrier\\CarrierAgentSettleLogController@reSettlement', null, '代理结算重新结算', '2017-04-27 21:02:02', null), ('295', null, 'App\\Http\\Controllers\\Carrier\\CarrierAgentSettleLogController@saveReSettlement', null, '代理结算保存重新结算', '2017-04-27 21:02:06', null), ('296', '24', 'App\\Http\\Controllers\\Carrier\\CarrierPayChannelController@newManualTransferRecord', null, '手动新增转账记录', '2017-04-28 15:54:33', null), ('297', '37', 'App\\Http\\Controllers\\Carrier\\CarrierInviteFriendController@showEdit', null, '显示邀请好友设置界面', '2017-05-02 16:26:30', null), ('298', '8', 'App\\Http\\Controllers\\Carrier\\PlayerController@updateBirthday', null, '更新会员出生日期', null, null), ('299', '8', 'App\\Http\\Controllers\\Carrier\\PlayerController@updateQQ', null, '更新会员QQ', null, null), ('300', '8', 'App\\Http\\Controllers\\Carrier\\PlayerController@updateWechat', null, '更新会员微信号', null, null), ('301', '8', 'App\\Http\\Controllers\\Carrier\\PlayerController@exportInfo', null, '导出会员信息', '2017-05-05 22:55:52', null), ('302', null, 'App\\Http\\Controllers\\Carrier\\PlayerWithdrawFlowLimitLogController@passCompleteFinished', null, '重启/完成', null, null);
COMMIT;

SET FOREIGN_KEY_CHECKS = 1;
